{
  "project_info": {
    "project_number": "288528657687",
    "firebase_url": "https://product-db-18e6a-default-rtdb.firebaseio.com",
    "project_id": "product-db-18e6a",
    "storage_bucket": "product-db-18e6a.appspot.com"
  },
  "client": [
    {
      "client_info": {
        "mobilesdk_app_id": "1:288528657687:android:03c65dea3c8cbd1e915b52",
        "android_client_info": {
          "package_name": "com.example.daftarproduk"
        }
      },
      "oauth_client": [],
      "api_key": [
        {
          "current_key": "AIzaSyAwxfti9yuaAj96pmn3IDNzbQQqQk7hauI"
        }
      ],
      "services": {
        "appinvite_service": {
          "other_platform_oauth_client": []
        }
      }
    }
  ],
  "configuration_version": "1"
}